Client ID,FL Round,Training Time,Communication Time,Total Time,CPU Usage (%)
31bdb0782ece,1,42.51918411254883,99.32516527175903,141.84434938430786,47.45
a4b1c9730b8c,1,46.27753973007202,102.56742668151855,148.84496641159058,46.75
