Client ID,FL Round,Training Time,Communication Time,Total Time
e807,0,41.596553802490234,100.08696103096008,141.68351483345032
e807,0,42.13990879058838,100.46867799758911,142.6085867881775
