Client ID,FL Round,Training Time,Communication Time,Total Time
e807,0,405.3953855037689,443.6602478027344,849.0556333065033
e807,0,405.0952000617981,443.7976131439209,848.892813205719
