Client ID,FL Round,Training Time,Communication Time,Total Time
e721,0,18.18445134162903,39.934802532196045,58.11925387382507
4301,0,18.246943712234497,40.125210762023926,58.37215447425842
4301,0,17.511964559555054,38.90897536277771,56.420939922332764
e721,0,17.513027667999268,39.0348904132843,56.54791808128357
