Client ID,Training Time,Communication Time,Total Time
17880,17.81456756591797,39.380882263183594,57.19544982910156
4544,17.909541130065918,39.60563111305237,57.515172243118286
4544,17.489549160003662,38.443296670913696,55.93284583091736
17880,17.382721662521362,38.403441429138184,55.786163091659546
