Client ID,FL Round,Training Time,Communication Time,Total Time
client 1,1,19.930927753448486,41.70285725593567,61.63378500938416
client 2,1,20.030797958374023,42.15831422805786,62.189112186431885
client 2,2,17.569978713989258,39.183340311050415,56.75331902503967
client 1,2,17.883240699768066,39.94362425804138,57.82686495780945
