Client ID,FL Round,Training Time,Communication Time,Total Time,CPU Usage (%)
client 1,1,50.59,110.96,161.55,54.150000000000006
client 2,1,50.58,110.48,161.06,54.150000000000006
client 1,2,44.01,106.68,150.68,132.3
client 2,2,44.22,104.99,149.21,90.85
