Client ID,FL Round,Training Time,Communication Time,Total Time,CPU Usage (%)
37be71443b91,1,118.67226266860962,284.2690637111664,402.941326379776,65.65
