Client ID,FL Round,Training Time,Communication Time,Total Time
e807,0,88.71971678733826,144.95232582092285,233.6720426082611
e807,0,88.98300647735596,145.12428092956543,234.1072874069214
e807,0,31.30818247795105,70.51608324050903,101.82426571846008
e807,0,31.20311713218689,70.58299922943115,101.78611636161804
e807,0,28.528343439102173,68.24903893470764,96.77738237380981
e807,0,28.296225547790527,68.4511444568634,96.74737000465393
